{
  "accelerometer": {
    "scale": 16384,
    "offset": [
      -0.023408316523650958,
      -0.00375549649931694,
      -0.04217829469774592
    ]
  },
  "gyro": {
    "scale": 131,
    "offset": [
      -3.9164268134985245,
      -0.05419117340341214,
      0.22678117048346064
    ]
  },
  "filter": {
    "accelerometer_coefficients": {
      "num": [
        0.1, 0.1, 0.1, 0.1, 0.1, 0.1, 0.1, 0.1, 0.1, 0.1
      ],
      "den": [
        1
      ]
    },
    "gyro_coefficients": {
      "num": [
        1
      ],
      "den": [
        1
      ]
    },
    "complementary_alpha": 0.98
  }
}