{
  "accelerometer": {
    "scale": 16384,
    "offset": [
      0.0028934752541866027,
      -0.0034127955720266575,
      -0.04775293836508887
    ]
  },
  "gyro": {
    "scale": 131,
    "offset": [
      -3.953238404825387,
      -0.10248209002728886,
      0.27120368582803256
    ]
  },
  "filter": {
    "accelerometer_coefficients": {
      "num": [
        1
      ],
      "den": [
        1
      ]
    },
    "gyro_coefficients": {
      "num": [
        1
      ],
      "den": [
        1
      ]
    },
    "complementary_alpha": 0.98
  }
}