{
  "accelerometer": {
    "scale": 16384,
    "offset": [
      0.015285350229814254,
      -0.047484240991044355,
      -0.0639296756539045
    ]
  },
  "gyro": {
    "scale": 131,
    "offset": [
      -3.9403549994501983,
      -0.09746858885692956,
      0.18570337232115466
    ]
  },
  "filter": {
    "accelerometer_coefficients": {
      "num": [
        1
      ],
      "den": [
        1
      ]
    },
    "gyro_coefficients": {
      "num": [
        1
      ],
      "den": [
        1
      ]
    },
    "complementary_alpha": 0.98
  }
}