{
  "accelerometer": {
    "scale": 16384,
    "offset": [
      0.006787207161632169,
      -0.029998983019025368,
      -0.09852557316004673
    ]
  },
  "gyro": {
    "scale": 131,
    "offset": [
      -4.168417941479219,
      -0.00681825130708629,
      0.7806795829553919
    ]
  },
  "filter": {
    "accelerometer_coefficients": {
      "num": [
        1
      ],
      "den": [
        1
      ]
    },
    "gyro_coefficients": {
      "num": [
        1
      ],
      "den": [
        1
      ]
    },
    "complementary_alpha": 0.98
  }
}